[
    {
        "id": 1,
        "isPreorder": false,
        "courseUrl": "https://www.iamtimcorey.com/courses/dotnet-core-dependency-injection-from-start-to-finish",
        "courseType": "training",
        "courseName": ".NET Core Dependency Injection From Start to Finish",
        "courseLessonCount": 45,
        "courseLengthInHours": 5,
        "shortDescription": "Learn how it works, why it works, and how to use it to the fullest extent.",
        "courseImage": "https://www.iamtimcorey.com/assets/images/courses/in-dpi-01_title.png",
        "priceInUSD": 49,
        "coursePreviewLink": "https://courses.iamtimcorey.com/courses/dotnet-core-dependency-injection-in-depth/lectures/31903185"
    },
    {
        "id": 2,
        "isPreorder": false,
        "courseUrl": "https://www.iamtimcorey.com/courses/blazor-from-start-to-finish",
        "courseType": "training",
        "courseName": "Blazor From Start to Finish",
        "courseLessonCount": 89,
        "courseLengthInHours": 14,
        "shortDescription": "Learn the one web framework that will work in any scenario.",
        "courseImage": "https://www.iamtimcorey.com/assets/images/courses/sf-blz-01_title.png",
        "priceInUSD": 197,
        "coursePreviewLink": "https://courses.iamtimcorey.com/courses/blazor-from-start-to-finish/lectures/50280438"
    },
    {
        "id": 3,
        "isPreorder": false,
        "courseUrl": "https://www.iamtimcorey.com/courses/azure-active-directory-b2c-from-start-to-finish",
        "courseType": "training",
        "courseName": "Azure Active Directory B2C From Start to Finish",
        "courseLessonCount": 49,
        "courseLengthInHours": 4,
        "shortDescription": "Everything you need to know about using Azure AD B2C authentication in your C# applications. ",
        "courseImage": "https://www.iamtimcorey.com/assets/images/courses/sf-b2c-01_title.png",
        "priceInUSD": 47,
        "coursePreviewLink": "https://courses.iamtimcorey.com/courses/azure-ad-b2c-start-to-finish/lectures/35745423"
    },
    {
        "id": 4,
        "isPreorder": false,
        "courseUrl": "https://www.iamtimcorey.com/courses/devops-from-start-to-finish",
        "courseType": "legacy",
        "courseName": "DevOps From Start to Finish",
        "courseLessonCount": 14,
        "courseLengthInHours": 6,
        "shortDescription": "Learn Azure DevOps to how to set up CI/CD, environments, and more.",
        "courseImage": "https://www.iamtimcorey.com/assets/images/courses/sf-dvo-01_title.png",
        "priceInUSD": 0,
        "coursePreviewLink": "https://courses.iamtimcorey.com/courses/devops-from-start-to-finish/lectures/8515257"
    },
    {
        "id": 5,
        "isPreorder": false,
        "courseUrl": "https://www.iamtimcorey.com/courses/webapi-from-start-to-finish",
        "courseType": "training",
        "courseName": "Web API From Start to Finish",
        "courseLessonCount": 88,
        "courseLengthInHours": 18,
        "shortDescription": "The entire web runs on APIs. Learn how to write powerful and reliable APIs.",
        "courseImage": "https://www.iamtimcorey.com/assets/images/courses/tr-api-01_title.png",
        "priceInUSD": 97,
        "coursePreviewLink": "https://courses.iamtimcorey.com/courses/web-api-from-start-to-finish/lectures/41289713"
    },
    {
        "id": 6,
        "isPreorder": false,
        "courseUrl": "https://www.iamtimcorey.com/courses/prove-it-build-a-full-app",
        "courseType": "legacy",
        "courseName": "Prove It: Build a Full App",
        "courseLessonCount": 36,
        "courseLengthInHours": 14,
        "shortDescription": "Verify your app building skills with 17 discrete challenges.",
        "courseImage": "https://www.iamtimcorey.com/assets/images/courses/pi-app-01_title.png",
        "priceInUSD": 0,
        "coursePreviewLink": "https://courses.iamtimcorey.com/courses/prove-it-building-a-full-app/lectures/28049199"
    },
    {
        "id": 7,
        "isPreorder": false,
        "courseUrl": "https://www.iamtimcorey.com/courses/build-a-tournament-tracker-app",
        "courseType": "legacy",
        "courseName": "Build a Tournament Tracker App",
        "courseLessonCount": 52,
        "courseLengthInHours": 38,
        "shortDescription": "See a real-world application built from scratch and then do it yourself.",
        "courseImage": "https://www.iamtimcorey.com/assets/images/courses/ba-tta-01_title.png",
        "priceInUSD": 0,
        "coursePreviewLink": ""
    },
    {
        "id": 8,
        "isPreorder": false,
        "courseUrl": "https://www.iamtimcorey.com/courses/postman-clone-app",
        "courseType": "skillcheck",
        "courseName": "Postman Clone App",
        "courseLessonCount": 28,
        "courseLengthInHours": 10,
        "shortDescription": "Call APIs with Confidence and More!",
        "courseImage": "https://www.iamtimcorey.com/assets/images/courses/lb-pca-01_title.png",
        "priceInUSD": 97,
        "coursePreviewLink": "https://courses.iamtimcorey.com/courses/building-a-postman-clone-app/lectures/57004476"
    },
    {
        "id": 9,
        "isPreorder": false,
        "courseUrl": "https://www.iamtimcorey.com/courses/git-from-start-to-finish",
        "courseType": "training",
        "courseName": "Git From Start to Finish",
        "courseLessonCount": 81,
        "courseLengthInHours": 7,
        "shortDescription": "Learn to use Git like a pro to track history and collaborate successfully.",
        "courseImage": "https://www.iamtimcorey.com/assets/images/courses/tc-git-01_title.png",
        "priceInUSD": 47,
        "coursePreviewLink": "https://courses.iamtimcorey.com/courses/git-from-start-to-finish/lectures/39624792"
    },
    {
        "id": 10,
        "isPreorder": false,
        "courseUrl": "https://www.iamtimcorey.com/courses/accelerate-microsoft-sql",
        "courseType": "accelerate",
        "courseName": "Accelerate: Microsoft SQL",
        "courseLessonCount": 34,
        "courseLengthInHours": 3,
        "shortDescription": "Get the Microsoft SQL Server database skills you need today.",
        "courseImage": "https://www.iamtimcorey.com/assets/images/courses/ac-sql-01_title.png",
        "priceInUSD": 75,
        "coursePreviewLink": "https://courses.iamtimcorey.com/courses/accelerate-microsoft-sql/lectures/49751444"
    },
    {
        "id": 11,
        "isPreorder": false,
        "courseUrl": "https://www.iamtimcorey.com/courses/dotnet-core-appsettings-from-start-to-finish",
        "courseType": "training",
        "courseName": ".NET Core AppSettings From Start to Finish",
        "courseLessonCount": 30,
        "courseLengthInHours": 4,
        "shortDescription": "Leverage the many powerful settings options built into .NET Core.",
        "courseImage": "https://www.iamtimcorey.com/assets/images/courses/in-aps-01_title.png",
        "priceInUSD": 49,
        "coursePreviewLink": "https://courses.iamtimcorey.com/courses/net-core-appsettings-in-depth/lectures/24378396"
    },
    {
        "id": 12,
        "isPreorder": false,
        "courseUrl": "https://www.iamtimcorey.com/courses/csharp-mastercourse/",
        "courseType": "mastercourse",
        "courseName": "C# Mastercourse",
        "courseLessonCount": 206,
        "courseLengthInHours": 70,
        "shortDescription": "Master C# from the ground up. Get real-world ready by the time you complete this mastercourse.",
        "courseImage": "https://www.iamtimcorey.com/assets/images/courses/mc-csh-01_title.png",
        "priceInUSD": 497,
        "coursePreviewLink": "https://courses.iamtimcorey.com/courses/1577707/lectures/36725800"
    },
    {
        "id": 13,
        "isPreorder": false,
        "courseUrl": "https://www.iamtimcorey.com/courses/database-devops-from-start-to-finish",
        "courseType": "training",
        "courseName": "Database DevOps From Start to Finish",
        "courseLessonCount": 16,
        "courseLengthInHours": 2.5,
        "shortDescription": "Discover how to use SQL Server Data Tools for database design, refactoring, source control, CI/CD, and more.",
        "courseImage": "https://www.iamtimcorey.com/assets/images/courses/sf-dbd-01_title.png",
        "priceInUSD": 47,
        "coursePreviewLink": "https://courses.iamtimcorey.com/courses/database-devops-from-start-to-finish/lectures/11522953"
    },
    {
        "id": 14,
        "isPreorder": false,
        "courseUrl": "https://www.iamtimcorey.com/courses/web-dev-mastercourse/",
        "courseType": "mastercourse",
        "courseName": "Web Development Mastercourse",
        "courseLessonCount": 175,
        "courseLengthInHours": 43,
        "shortDescription": "Master HTML, CSS, and JavaScript to conquer web development.",
        "courseImage": "https://www.iamtimcorey.com/assets/images/courses/fc-web-01_title.png",
        "priceInUSD": 497,
        "coursePreviewLink": "https://courses.iamtimcorey.com/courses/foundation-web-development/lectures/32304773"
    },
    {
        "id": 15,
        "isPreorder": false,
        "courseUrl": "https://www.iamtimcorey.com/courses/accelerate-azure-functions",
        "courseType": "accelerate",
        "courseName": "Accelerate: Azure Functions",
        "courseLessonCount": 27,
        "courseLengthInHours": 3,
        "shortDescription": "Discover how to build, deploy, and execute your serverless code.",
        "courseImage": "https://www.iamtimcorey.com/assets/images/courses/ac-azf-01_title.png",
        "priceInUSD": 75,
        "coursePreviewLink": "https://courses.iamtimcorey.com/courses/accelerate-azure-functions/lectures/48641131"
    },
    {
        "id": 16,
        "isPreorder": false,
        "courseUrl": "https://www.iamtimcorey.com/courses/build-a-bill-time-app",
        "courseType": "legacy",
        "courseName": "Build a Bill Time App",
        "courseLessonCount": 17,
        "courseLengthInHours": 8,
        "shortDescription": "Practice WPF and SQLite in a real-world environment.",
        "courseImage": "https://www.iamtimcorey.com/assets/images/courses/ba-slt-01_title.png",
        "priceInUSD": 0,
        "coursePreviewLink": "https://courses.iamtimcorey.com/courses/building-a-complete-sqlite-application/lectures/6764420"
    },
    {
        "id": 17,
        "isPreorder": false,
        "courseUrl": "https://www.iamtimcorey.com/courses/azure-from-start-to-finish",
        "courseType": "training",
        "courseName": "Azure From Start to Finish",
        "courseLessonCount": 50,
        "courseLengthInHours": 13.5,
        "shortDescription": "Learn how to effectively use Azure as a software developer to host websites, databases, microservices, and much more! ",
        "courseImage": "https://www.iamtimcorey.com/assets/images/courses/gs-azr-01_title.png",
        "priceInUSD": 97,
        "coursePreviewLink": "https://courses.iamtimcorey.com/courses/getting-started-with-azure/lectures/30715686"
    },
    {
        "id": 18,
        "isPreorder": false,
        "courseUrl": "https://www.iamtimcorey.com/courses/docker-from-start-to-finish",
        "courseType": "training",
        "courseName": "Docker From Start to Finish ",
        "courseLessonCount": 46,
        "courseLengthInHours": 6,
        "shortDescription": "Everything you need to know to get started using Docker, especially in a .NET environment. ",
        "courseImage": "https://www.iamtimcorey.com/assets/images/courses/gs-dkr-01_title.png",
        "priceInUSD": 47,
        "coursePreviewLink": "https://courses.iamtimcorey.com/courses/getting-started-with-docker/lectures/10583492"
    },
    {
        "id": 19,
        "isPreorder": false,
        "courseUrl": "https://www.iamtimcorey.com/courses/aspnetcore-from-start-to-finish",
        "courseType": "training",
        "courseName": "ASP.NET Core From Start to Finish",
        "courseLessonCount": 94,
        "courseLengthInHours": 11,
        "shortDescription": "Learn all five ASP.NET Core project types and discover which one is best for you.",
        "courseImage": "https://www.iamtimcorey.com/assets/images/courses/gs-asp-01_title.png",
        "priceInUSD": 97,
        "coursePreviewLink": "https://courses.iamtimcorey.com/courses/getting-started-with-aspnetcore/lectures/24623047"
    },
    {
        "id": 20,
        "isPreorder": false,
        "courseUrl": "https://www.iamtimcorey.com/courses/build-a-timco-retail-manager-app-series",
        "courseType": "skillcheck",
        "courseName": "Build a TimCo Retail Manager App Series",
        "courseLessonCount": 70,
        "courseLengthInHours": 49,
        "shortDescription": "Get the robust real-world app building series.",
        "courseImage": "https://www.iamtimcorey.com/assets/images/courses/ba-trm-00_title.png",
        "priceInUSD": 197,
        "coursePreviewLink": ""
    },
    {
        "id": 21,
        "isPreorder": false,
        "courseUrl": "https://www.iamtimcorey.com/courses/getting-started-with-dotnet-core",
        "courseType": "legacy",
        "courseName": "Getting Started with .NET Core",
        "courseLessonCount": 31,
        "courseLengthInHours": 3,
        "shortDescription": "Learn how to transition from .NET Framework to .NET Core.",
        "courseImage": "https://www.iamtimcorey.com/assets/images/courses/gs-dnc-01_title.png",
        "priceInUSD": 0,
        "coursePreviewLink": "https://courses.iamtimcorey.com/courses/getting-started-with-net-core/lectures/9494642"
    },
    {
        "id": 22,
        "isPreorder": false,
        "courseUrl": "https://www.iamtimcorey.com/courses/prove-it-csharp-basics",
        "courseType": "legacy",
        "courseName": "Prove It: C# Basics",
        "courseLessonCount": 32,
        "courseLengthInHours": 8.5,
        "shortDescription": "Verify your C# skills with 16 challenges.",
        "courseImage": "https://www.iamtimcorey.com/assets/images/courses/pi-bsc-01_title.png",
        "priceInUSD": 0,
        "coursePreviewLink": "https://courses.iamtimcorey.com/courses/prove-it-c-basics/lectures/28072606"
    },
    {
        "id": 23,
        "isPreorder": true,
        "courseUrl": "https://www.iamtimcorey.com/courses/game-dev-mastercourse",
        "courseType": "mastercourse",
        "courseName": "Game Development Mastercourse",
        "courseLessonCount": 0,
        "courseLengthInHours": 0,
        "shortDescription": "Master game development using Unity and C#.",
        "courseImage": "https://www.iamtimcorey.com/assets/images/courses/mc-gdv-01_title.png",
        "priceInUSD": 497,
        "coursePreviewLink": "https://courses.iamtimcorey.com/courses/1577707/lectures/36725800"
    },
    {
        "id": 24,
        "isPreorder": false,
        "courseUrl": "https://www.iamtimcorey.com/courses/build-a-suggestion-site-app",
        "courseType": "skillcheck",
        "courseName": "Build a Suggestion Site App",
        "courseLessonCount": 89,
        "courseLengthInHours": 18,
        "shortDescription": "Use .NET 6, MongoDB, and Blazor Server to create a high-performance production web application. ",
        "courseImage": "https://www.iamtimcorey.com/assets/images/courses/bi-ssa-01_title.png",
        "priceInUSD": 97,
        "coursePreviewLink": "https://courses.iamtimcorey.com/courses/build-a-suggestion-site-app/lectures/37213980"
    },
    {
        "id": 25,
        "isPreorder": false,
        "courseUrl": "https://www.iamtimcorey.com/courses/accelerate-github",
        "courseType": "accelerate",
        "courseName": "Accelerate: GitHub",
        "courseLessonCount": 29,
        "courseLengthInHours": 4,
        "shortDescription": "Go beyond using GitHub as just a code repository.",
        "courseImage": "https://www.iamtimcorey.com/assets/images/courses/ac-ghb-01_title.png",
        "priceInUSD": 75,
        "coursePreviewLink": "https://courses.iamtimcorey.com/courses/accelerate-github/lectures/52572908"
    },
    {
        "id": 26,
        "isPreorder": false,
        "courseUrl": "https://www.iamtimcorey.com/courses/csharp-fundamentals",
        "courseType": "skillcheck",
        "courseName": "C# Fundamentals",
        "courseLessonCount": 47,
        "courseLengthInHours": 4.5,
        "shortDescription": "Validate your fundamental C# skills with practice projects.",
        "courseImage": "https://www.iamtimcorey.com/assets/images/courses/sc-csf-01_title.png",
        "priceInUSD": 75,
        "coursePreviewLink": "https://courses.iamtimcorey.com/courses/c-fundamentals/lectures/57177836"
    },
    {
        "id": 27,
        "isPreorder": false,
        "courseUrl": "https://www.iamtimcorey.com/courses/upgrading-to-dotnet-core-from-start-to-finish",
        "courseType": "legacy",
        "courseName": "Upgrading to .NET Core From Start to Finish",
        "courseLessonCount": 19,
        "courseLengthInHours": 7,
        "shortDescription": "Upgrade .NET Framework applications to .NET Core 3.",
        "courseImage": "https://www.iamtimcorey.com/assets/images/courses/sf-upg-01_title.png",
        "priceInUSD": 0,
        "coursePreviewLink": "https://courses.iamtimcorey.com/courses/upgrading-to-net-core-from-start-to-finish/lectures/11635855"
    },
    {
        "id": 28,
        "isPreorder": false,
        "courseUrl": "https://www.iamtimcorey.com/courses/prove-it-csharp-algorithms-and-data-structures",
        "courseType": "legacy",
        "courseName": "Prove It: C# Algorithms \u0026 Data Structures",
        "courseLessonCount": 34,
        "courseLengthInHours": 9.5,
        "shortDescription": "How good is your logic? These 16 challenges will test your logic skills.",
        "courseImage": "https://www.iamtimcorey.com/assets/images/courses/pi-alg-01_title.png",
        "priceInUSD": 0,
        "coursePreviewLink": "https://courses.iamtimcorey.com/courses/prove-it-c-algorithms-data-structures/lectures/28053663"
    },
    {
        "id": 29,
        "isPreorder": false,
        "courseUrl": "https://www.iamtimcorey.com/courses/prove-it-csharp-web-development",
        "courseType": "legacy",
        "courseName": "Prove It: C# Web Development",
        "courseLessonCount": 26,
        "courseLengthInHours": 7.5,
        "shortDescription": "Find and fill the gaps in your ASP.NET Core skills with 12 challenges.",
        "courseImage": "https://www.iamtimcorey.com/assets/images/courses/pi-web-01_title.png",
        "priceInUSD": 0,
        "coursePreviewLink": "https://courses.iamtimcorey.com/courses/prove-it-c-web-development/lectures/28054555"
    },
    {
        "id": 30,
        "isPreorder": false,
        "courseUrl": "https://www.iamtimcorey.com/courses/bootstrap5-from-start-to-finish",
        "courseType": "training",
        "courseName": "Bootstrap 5 From Start to Finish",
        "courseLessonCount": 63,
        "courseLengthInHours": 7.5,
        "shortDescription": "Build beautiful and functional responsive websites.",
        "courseImage": "https://www.iamtimcorey.com/assets/images/courses/sf-boo-01_title.png",
        "priceInUSD": 97,
        "coursePreviewLink": "https://courses.iamtimcorey.com/courses/bootstrap-5-from-start-to-finish/lectures/46196058"
    },
    {
        "id": 31,
        "isPreorder": false,
        "courseUrl": "https://www.iamtimcorey.com/courses/upgrading-to-dotnet9",
        "courseType": "training",
        "courseName": "Upgrading to .NET 9 From Start to Finish",
        "courseLessonCount": 35,
        "courseLengthInHours": 5,
        "shortDescription": "Learn how to upgrade any .NET Framework or .NET app to .NET 9 and beyond.\n",
        "courseImage": "https://www.iamtimcorey.com/assets/images/courses/tr-upg-01_title.png",
        "priceInUSD": 97,
        "coursePreviewLink": null
    }
]